timestamp,dining_temp,dining_hum,outdoor_temp,outdoor_hum,bathroom_temp,bathroom_hum,bedroom_temp,Bedroom_hum
2026-08-13 00:00:00+00:00,53.73,70.82,73.03,78.94,72.22,54.88,75.39,69.05
2026-08-13 01:00:00+00:00,52.61,70.34,78.94,77.12,78.22,54.01,75.67,69.06
2026-08-13 02:00:00+00:00,55.43,70.14,81.68,75.97,76.28,53.31,74.77,69.29
2026-08-13 03:00:00+00:00,53.83,69.73,82.43,75.61,61.84,53.95,73.18,69
2026-08-13 04:00:00+00:00,58.28,70.13,83,75.42,62.28,58.94,72.69,69.73
2026-08-13 05:00:00+00:00,59.94,70.1,82.53,75.02,64.21,62,72.5,70.49
2026-08-13 06:00:00+00:00,58.92,70.1,84.75,74.48,64.42,64.19,72.29,70.7
2026-08-13 07:00:00+00:00,58.86,70.1,86.07,73.59,64.3,65.36,72.18,70.8
2026-08-13 08:00:00+00:00,58,70.07,85.33,73.21,63.83,64.81,72.01,70.66
2026-08-13 09:00:00+00:00,52.65,68.95,83.22,72.66,58.91,59.34,71.65,70.09
2026-08-13 10:00:00+00:00,52.12,68.44,84.56,71.8,55.42,56.31,71,69.5
2026-08-13 11:00:00+00:00,54.48,68.3,85.56,71.91,58.52,57.32,71.64,69.64
2026-08-13 12:00:00+00:00,54.89,68.47,80.07,74.47,59.66,56.09,71.16,69.51
2026-08-13 13:00:00+00:00,56.7,69.17,72.43,77.53,64.33,57.42,71.23,70.42
2026-08-13 14:00:00+00:00,58.37,69.9,68.11,80.2,66.78,57.82,71.66,71.08
2026-08-13 15:00:00+00:00,60,70.57,63.94,82.56,68.17,58.11,72.25,71.79
2026-08-13 16:00:00+00:00,60.68,71.35,60.86,84.37,68.62,58.33,73.01,72.68
2026-08-13 17:00:00+00:00,59.39,71.99,58.17,86.16,68.97,57.02,73.63,73.38
2026-08-13 18:00:00+00:00,53.33,71.7,56.17,87.25,66.73,50.31,73.93,73.13
2026-08-13 19:00:00+00:00,54,71.75,55.74,87.63,64.21,47.8,74.09,72.74
2026-08-13 20:00:00+00:00,53.04,71.57,57.26,87.27,62.12,46.71,74.13,72.38
2026-08-13 21:00:00+00:00,53.53,71.46,60.76,86.35,60.15,45.89,74.08,72.1
2026-08-13 22:00:00+00:00,53.3,70.98,62.55,85.46,58.78,45.26,73.96,71.79
2026-08-13 23:00:00+00:00,53.81,70.79,67.76,83.5,58.22,44.83,73.77,71.49
2026-08-14 00:00:00+00:00,54.91,70.57,75.61,79.97,57.93,45.06,73.73,71.04
2026-08-14 01:00:00+00:00,52.42,69.38,78.77,78.09,57.19,49.2,74.04,68.79
2026-08-14 02:00:00+00:00,51.81,68.67,83,77.01,56.61,50.91,73.09,66.91
2026-08-14 03:00:00+00:00,53.68,68.5,84.46,76.79,55.31,54.67,72.97,66.63
2026-08-14 04:00:00+00:00,57.58,69.23,84.12,76.56,73.73,58.11,74.56,66.9
2026-08-14 05:00:00+00:00,57.45,69.56,85.45,75.72,66.07,59.1,72.9,67
2026-08-14 06:00:00+00:00,57.6,69.73,87.67,74.66,64.01,60.66,72.36,66.76
2026-08-14 07:00:00+00:00,58.71,69.85,89.47,74.14,62.9,61.19,72.15,66.71
2026-08-14 08:00:00+00:00,58.55,69.98,89.65,73.72,62.52,61.81,72.01,66.52
2026-08-14 09:00:00+00:00,52.81,69.03,90.46,73.31,57.65,59.5,71.7,65.41
2026-08-14 10:00:00+00:00,51.95,68.32,89.24,73.42,54.7,60.3,71.18,65.95
2026-08-14 11:00:00+00:00,53.05,68.45,85.55,74.41,58.76,60.8,71.08,66.2
2026-08-14 12:00:00+00:00,54.19,68.35,81.04,75.74,59.85,59.55,71.98,66.36
2026-08-14 13:00:00+00:00,54.76,68.48,77.9,76.87,56.89,57.18,72.19,64.92
2026-08-14 14:00:00+00:00,55.13,68.55,74.8,77.87,56.09,60.38,72.28,65.96
2026-08-14 15:00:00+00:00,55.48,68.31,72.78,78.7,57.72,57.37,73.3,67.12
2026-08-14 16:00:00+00:00,60.59,69.86,70.66,79.81,62.02,58.61,73.92,67.98
2026-08-14 17:00:00+00:00,54.04,70.49,71.58,80.04,57.58,55.28,73.72,68.26
2026-08-14 18:00:00+00:00,54.23,70.97,71.31,80.39,67.34,54.06,75.29,68.38
2026-08-14 19:00:00+00:00,56.39,71.58,70.61,80.87,55.43,54.38,75.71,68.33
2026-08-14 20:00:00+00:00,58.7,72.85,72.44,80.44,52.95,57.21,75.68,68.39
2026-08-14 21:00:00+00:00,57.41,73.57,74.12,79.94,77.34,59.14,77.99,68.66
2026-08-14 22:00:00+00:00,59.73,74.37,75.57,79.9,77.19,61.79,78.31,68.88
2026-08-14 23:00:00+00:00,57.89,74.5,76.81,78.5,70.08,60.44,79.66,68.85
2026-08-15 00:00:00+00:00,52.76,73.45,81.15,77.18,57.89,58.56,78.77,68.62
2026-08-15 01:00:00+00:00,49.58,72.87,83.46,75.93,52.68,56.2,78.2,68.07
2026-08-15 02:00:00+00:00,47.87,71.99,85,74.65,51.34,55.42,77.57,68
2026-08-15 03:00:00+00:00,48.32,71.15,86.53,73.86,47.83,54.83,77.16,68.08
2026-08-15 04:00:00+00:00,50.23,70.41,88.23,73.05,48.99,56.28,76.75,68.05
2026-08-15 05:00:00+00:00,52.52,70.27,88.87,72.06,53.11,59.42,76.48,68.71
2026-08-15 06:00:00+00:00,54.14,70.29,89.67,70.96,54.75,60.87,76.11,69.02
2026-08-15 07:00:00+00:00,54.72,70.24,89.83,70.46,57.66,62.27,75.82,69.37
2026-08-15 08:00:00+00:00,56.5,70.3,89.93,69.9,58.41,64.66,75.59,69.4
2026-08-15 09:00:00+00:00,53,69.65,88.84,69.38,58.82,61.65,75.4,69.3
2026-08-15 10:00:00+00:00,49.39,68.74,88.83,68.95,54.32,57.47,74.89,68.46
2026-08-15 11:00:00+00:00,51.25,68.31,85.3,69.91,53.83,57.01,74.27,66.92
2026-08-15 12:00:00+00:00,50.47,68.65,79.58,72.64,53.85,59.26,73.9,65.4
2026-08-15 13:00:00+00:00,51.95,68.98,73.9,75.9,53.51,55.79,73.87,66.75
2026-08-15 14:00:00+00:00,52.2,68.95,67,79.17,51.38,52.86,74.07,67.04
2026-08-15 15:00:00+00:00,52.76,68.89,62.38,81.32,49.93,52.03,74.35,67.31
2026-08-15 16:00:00+00:00,55.71,69.51,56.88,83.53,50.64,51.79,74.62,67.85
2026-08-15 17:00:00+00:00,53.65,70.37,54.3,84.94,51.64,51.33,74.92,68.25
2026-08-15 18:00:00+00:00,52.53,70.99,53.63,85.83,50.63,51.11,75.32,68.54
2026-08-15 19:00:00+00:00,50.68,70.69,53.89,86.02,49.87,50.97,75.73,68.71
2026-08-15 20:00:00+00:00,51.1,70.99,54.33,85.91,49.31,50.74,75.91,68.63
2026-08-15 21:00:00+00:00,52.65,71.77,55.45,85.12,49.73,51.48,76.1,68.44
2026-08-15 22:00:00+00:00,49.05,70.65,59.59,83.33,50.2,52.91,76.18,68.87
2026-08-15 23:00:00+00:00,51.67,70.74,62.71,81.05,48.85,52.03,76.08,69.13
2026-08-16 00:00:00+00:00,50.5,70.28,67.8,78.22,49.68,51.22,75.96,68.87
2026-08-16 01:00:00+00:00,50.21,69.47,72.08,76.13,49.55,51.26,74.84,68.73
2026-08-16 02:00:00+00:00,50.19,68.7,76.86,74.5,51.76,50.48,72.84,68.3
2026-08-16 03:00:00+00:00,51,68.47,81.5,72.93,54.41,50.33,72.06,67.76
2026-08-16 04:00:00+00:00,54.32,69.09,84.16,72.37,59.91,55.46,73,68.38
2026-08-16 05:00:00+00:00,57.38,69.6,86.24,72.57,60.75,59.27,72.45,69.01
2026-08-16 06:00:00+00:00,59.56,69.99,88.31,73.11,62.2,61.94,72.02,69.69
2026-08-16 07:00:00+00:00,59.62,70.21,89.31,73.68,63.9,64.16,72.02,70.09
2026-08-16 08:00:00+00:00,59.27,70.37,90.27,74.13,65.48,65.9,72.14,70.18
2026-08-16 09:00:00+00:00,53.24,69.8,90.6,74.51,62.55,60.85,72.14,69.85
2026-08-16 10:00:00+00:00,51.09,69.09,89.96,74.57,59.89,57.13,71.86,69.26
2026-08-16 11:00:00+00:00,52.3,68.43,90.57,74.7,60.95,57.43,71.52,69.21
2026-08-16 12:00:00+00:00,51.42,68.5,87.33,75.24,60.79,56.78,71.84,69.36
2026-08-16 13:00:00+00:00,52.35,68.47,85.81,74.39,59.3,56.34,72.66,69.22
2026-08-16 14:00:00+00:00,52.6,68.42,87.64,74.6,56.93,56.66,73.37,68.72
2026-08-16 15:00:00+00:00,52,68.28,88.83,73.76,58.1,56.47,71.77,68.13
2026-08-16 16:00:00+00:00,52.86,68.33,89.64,72.8,60.06,57.39,70.97,68.18
2026-08-16 17:00:00+00:00,53.38,68.16,91.21,72.09,61.23,58.02,70.62,68.04
2026-08-16 18:00:00+00:00,55,68.28,84.18,71.71,63.69,59.66,70.47,68.14
2026-08-16 19:00:00+00:00,52.65,68.04,89.77,71.73,63.64,57.19,70.3,66.7
2026-08-16 20:00:00+00:00,53.28,68.26,91.84,71.58,63.73,57.62,70.26,65.86
2026-08-16 21:00:00+00:00,53.22,68.37,91.78,72.22,63.51,63.73,70.18,66.11
2026-08-16 22:00:00+00:00,53.27,68.36,91,73.35,61.36,61.52,70.43,66.57
2026-08-16 23:00:00+00:00,54.18,69.25,91.05,73.49,57.37,58.89,71.56,66.55
2026-08-17 00:00:00+00:00,51.5,68.84,92,73.28,54.36,57.31,71.51,66.43
2026-08-17 01:00:00+00:00,52.72,68.37,92.72,73.6,54.2,56.86,71.07,66.44
2026-08-17 02:00:00+00:00,54,68.26,94,73.48,58.82,60.92,70.49,67.54
2026-08-17 03:00:00+00:00,56.81,68.5,94.88,73.57,62.52,64.94,70.56,68.94
2026-08-17 04:00:00+00:00,58.05,68.68,95,73.49,63.12,65.86,70.68,69.88
2026-08-17 05:00:00+00:00,59.64,69.03,95,73.35,65.51,67.66,70.72,70.18
2026-08-17 06:00:00+00:00,60.86,69.1,95.14,73.74,66.23,69.76,70.8,70.54
2026-08-17 07:00:00+00:00,61.29,69.1,95,73.98,66.78,70.47,70.84,70.87
2026-08-17 08:00:00+00:00,60.59,69.1,95.18,73.88,67.3,70.96,70.93,70.88
2026-08-17 09:00:00+00:00,59.05,69.15,95.21,73.54,67.34,70.16,70.95,70.74
2026-08-17 10:00:00+00:00,53.45,68.67,95.91,73.18,62.66,62.04,70.69,69.97
2026-08-17 11:00:00+00:00,55.48,68.25,95.26,73.44,63.24,62.88,70.24,69.81
2026-08-17 12:00:00+00:00,55.8,68.63,93.47,75.07,63.02,62.06,71.27,69.57
2026-08-17 13:00:00+00:00,58.42,68.87,88.08,78.15,65.24,64.79,71.33,69.02
2026-08-17 14:00:00+00:00,62.15,69.98,78.96,81.27,66.54,66.33,73.11,69.7
2026-08-17 15:00:00+00:00,62.88,70.74,74.25,83.32,66.27,66.62,73.95,69.94
2026-08-17 16:00:00+00:00,60.4,71.22,70.8,85.53,68.4,64.61,73.18,69.24
2026-08-17 17:00:00+00:00,57.45,71.78,67.55,87.59,65.22,63.92,73.21,68.87
2026-08-17 18:00:00+00:00,52.44,71.56,63.63,89.41,58.47,61.83,73.35,68.52
2026-08-17 19:00:00+00:00,50.05,71.22,62.53,89.71,55.89,60.75,73.37,67.73
2026-08-17 20:00:00+00:00,51.04,71.24,66.68,88.25,58.86,60.74,73.81,67.57
2026-08-17 21:00:00+00:00,51.25,70.98,71.12,85.91,56.3,60.59,75.24,67.62
2026-08-17 22:00:00+00:00,56.6,71.68,85.07,80.11,60.58,59.63,74.39,67.51
2026-08-17 23:00:00+00:00,55.61,73.03,90.91,75.98,61.9,56.97,74.21,65.56
2026-08-18 00:00:00+00:00,52.88,71.92,92.38,75.11,68.65,64.56,75.59,65.91
2026-08-18 01:00:00+00:00,53.38,70.79,93.69,74.36,63.5,65.02,75.15,67.6
2026-08-18 02:00:00+00:00,53.59,70.3,94,73.97,61.67,61.44,75.2,68.63
2026-08-18 03:00:00+00:00,54,69.68,94.29,73.2,60.09,60.67,73.77,68.87
2026-08-18 04:00:00+00:00,58.05,69.51,94.76,72.8,65.31,65.41,72.94,69.52
2026-08-18 05:00:00+00:00,60.05,69.68,94.35,72.28,68.17,68.21,72.69,70.1
2026-08-18 06:00:00+00:00,59.31,69.78,94.12,71.89,69.57,69.67,72.47,70.31
2026-08-18 07:00:00+00:00,59.46,69.78,95,71.42,68.87,70.78,72.3,70.36
2026-08-18 08:00:00+00:00,59.35,69.71,94.53,71.33,65.95,71.16,72.01,70.36
2026-08-18 09:00:00+00:00,55.42,69.43,94,71.17,62.33,68.41,71.72,70.01
2026-08-18 10:00:00+00:00,52.15,68.7,94.05,71.02,56.6,64.07,71,69.46
2026-08-18 11:00:00+00:00,53.29,68.1,94.04,71.59,56.4,62.22,70.44,69.15
2026-08-18 12:00:00+00:00,59.3,69,91.78,73.81,61.7,64.01,71.77,69.56
2026-08-18 13:00:00+00:00,61.38,70.44,87.88,76.66,65.22,64.48,72.16,69.61
2026-08-18 14:00:00+00:00,62.15,70.91,83,78.92,69.61,64.74,72.57,70.24
2026-08-18 15:00:00+00:00,62.65,71.38,77.53,80.33,67.24,64.98,73.02,70.81
2026-08-18 16:00:00+00:00,64,71.89,76.83,81.26,66.81,65.27,73.4,71.37
2026-08-18 17:00:00+00:00,61.42,72.57,72,83.5,64.97,62.66,73.79,71.81
2026-08-18 18:00:00+00:00,55.92,72.6,69.52,83.93,57.41,56.55,73.75,71.57
2026-08-18 19:00:00+00:00,54.58,72.15,68.71,83.85,57.18,53.78,73.58,71.31
2026-08-18 20:00:00+00:00,53.86,71.68,66.76,84.33,62.56,52.26,73.64,71.12
2026-08-18 21:00:00+00:00,52.67,70.98,66.1,83.92,63.76,50.99,73.35,70.89
2026-08-18 22:00:00+00:00,53.27,70.8,65,83.21,63.44,50.17,73.04,70.67
2026-08-18 23:00:00+00:00,56.78,70.61,68.38,81.25,60.97,54.28,72.76,69.15
2026-08-19 00:00:00+00:00,57.41,71.66,77.28,77.94,59.96,60.03,73.24,67.78
2026-08-19 01:00:00+00:00,55.29,71.17,82.82,75.08,79.22,63.54,75.89,67.96
2026-08-19 02:00:00+00:00,54,70.2,86.74,73.05,68.35,60.23,73.83,68.52
2026-08-19 03:00:00+00:00,54.21,69.4,89.85,71.32,62.08,58.65,73.32,68.55
2026-08-19 04:00:00+00:00,58.76,69.41,90.66,70.26,78.5,65.28,74.31,69.26
2026-08-19 05:00:00+00:00,60,69.51,91.53,69.37,71.72,67.56,72.6,69.91
2026-08-19 06:00:00+00:00,60,69.51,91.6,68.45,68.92,68.27,71.98,70.22
2026-08-19 07:00:00+00:00,59.84,69.55,91.63,67.36,67.51,68.66,71.57,70.07
2026-08-19 08:00:00+00:00,59.4,69.41,90.73,66.54,66.51,69.77,71.23,70.17
2026-08-19 09:00:00+00:00,56.81,68.99,90.48,65.49,64.84,68.06,70.88,70.01
2026-08-19 10:00:00+00:00,54.3,68.16,90.48,65.08,59.7,59.21,70.26,66.68
2026-08-19 11:00:00+00:00,59.63,68.27,88.1,66.26,63.47,69.25,69.98,66.73
2026-08-19 12:00:00+00:00,58.08,68.8,80.42,69.9,65.42,66.97,70.55,68.37
2026-08-19 13:00:00+00:00,60.48,69.11,70.35,74.86,65.91,65.74,70.15,68.66
2026-08-19 14:00:00+00:00,61.89,69.46,60.26,79.26,68.56,65.61,70.65,69.24
2026-08-19 15:00:00+00:00,60.6,69.98,53.9,82.25,69.8,65.38,71.38,69.01
2026-08-19 16:00:00+00:00,62.81,70.41,51.43,84.48,68.27,68.93,71.96,69.36
2026-08-19 17:00:00+00:00,61,70.95,49.24,85.33,66.75,67.16,72.62,70.02
2026-08-19 18:00:00+00:00,54.43,70.92,49.3,86.36,61.95,63.3,73.01,70.04
2026-08-19 19:00:00+00:00,50.39,70.21,50.39,86.95,56.23,59.18,72.93,69.82
2026-08-19 20:00:00+00:00,49.94,70.14,51.61,86.34,57.08,56.73,72.89,69.67
2026-08-19 21:00:00+00:00,49.74,69.83,53.47,86.08,57.69,55.37,72.86,69.61
2026-08-19 22:00:00+00:00,54.25,70.44,57.75,84.93,56.87,54.86,72.83,69.56
2026-08-19 23:00:00+00:00,55.84,71.78,61.36,82.9,55.93,55.53,73.22,69.57
